{"Avg_dist": 10.742249366551482, "move": 0, "title": "action distribution_per.step_5", "_timestamp": 1711443854.723198, "_runtime": 226.8347008228302, "_step": 38912, "total_last_rewards": 1.8499999403953553, "shared_mean": -0.006742747966200113, "shared_std": 0.1876860111951828, "ep_reward": 67.9499959498643, "ep_reward_pred1": 64.39999747276306, "ep_reward_pred2": 29.799998477101326, "ep_move_move_pred1": 6373, "ep_move_move_pred2": 3714, "(ep_reward_pred1)/(ep_move_move_pred1)": 0.010105130624943207, "(ep_reward_pred2)/(ep_move_move_pred2)": 0.008023693720274994}