{"Avg_dist_btw_pred1 & prey": 4.063240220942409, "pred1_move": 2.0, "_timestamp": 1711611330.830538, "_runtime": 126.58605408668518, "_step": 10425, "Avg_dist_btw_pred2 & prey": 2.4396384761629055, "pred2_move": 1.0}