{"Avg_dist": 2.23606797749979, "move": 1, "title": "action distribution_per.step_11", "_timestamp": 1711579066.096113, "_runtime": 6.720623970031738, "_step": 1943}