{"Avg_dist": 2.378340859757099, "move": 0.0, "_timestamp": 1711611148.301225, "_runtime": 92.43040990829468, "_step": 10444, "pred_step_rewards": 1.2499999314546586, "shared_mean": -0.04606000706553459, "shared_std": 0.46851322054862976}