{"xy_pair": [99, 9801], "_timestamp": 1711605248.830776, "_runtime": 3.714355945587158, "_step": 99, "_wandb": {"runtime": 2}}